time,latitude,longitude,depth,mag,magType,nst,gap,dmin,rms,net,id,updated,place,type,horizontalError,depthError,magError,magNst,status,locationSource,magSource
2018-04-12T19:44:57.550Z,33.34,-116.3716667,8.91,1.14,ml,31,80,0.08111,0.22,ci,ci38148056,2018-04-12T19:48:32.469Z,"9km N of Borrego Springs, CA",earthquake,0.43,0.88,0.157,27,automatic,ci,ci
2018-04-12T19:13:45.562Z,64.1519,-145.7951,14,1.3,ml,,,,0.16,ak,ak19232699,2018-04-12T19:32:12.146Z,"13km NNW of Delta Junction, Alaska",earthquake,,0.4,,,automatic,ak,ak
2018-04-12T18:49:46.410Z,34.0188333,-117.2298333,10.56,1.36,ml,23,86,0.09245,0.28,ci,ci38148040,2018-04-12T18:53:29.442Z,"4km SE of Loma Linda, CA",earthquake,0.53,1.18,0.365,32,automatic,ci,ci
2018-04-12T17:56:19.092Z,62.2314,-148.7564,30.5,1.4,ml,,,,0.69,ak,ak19232693,2018-04-12T18:01:25.110Z,"48km N of Sutton-Alpine, Alaska",earthquake,,0.3,,,automatic,ak,ak
2018-04-12T17:43:14.590Z,33.5081667,-116.7921667,5.59,0.58,ml,19,73,0.0732,0.08,ci,ci38148016,2018-04-12T19:52:08.006Z,"10km NE of Aguanga, CA",earthquake,0.21,0.62,0.078,9,reviewed,ci,ci
2018-04-12T17:34:52.961Z,60.704,-152.0921,80.7,1.2,ml,,,,0.21,ak,ak19232687,2018-04-12T17:38:30.255Z,"43km W of Nikiski, Alaska",earthquake,,1.2,,,automatic,ak,ak
2018-04-12T17:10:32.250Z,33.9403333,-116.8506667,4.86,0.43,ml,17,117,0.1011,0.09,ci,ci38148008,2018-04-12T19:46:58.264Z,"3km NE of Banning, CA",earthquake,0.24,1.33,0.094,8,reviewed,ci,ci
2018-04-12T17:05:59.220Z,38.8121681,-122.8241653,2.13,0.56,md,8,105,0.005118,0.04,nc,nc72998766,2018-04-12T17:58:03.104Z,"7km WNW of The Geysers, CA",earthquake,0.67,1.27,,1,automatic,nc,nc
2018-04-12T17:01:12.950Z,37.6306667,-118.9261667,0.11,0.42,md,14,89,0.01904,0.04,nc,nc72998761,2018-04-12T18:41:03.380Z,"5km E of Mammoth Lakes, CA",earthquake,0.19,0.33,0.269,13,reviewed,nc,nc
2018-04-12T16:48:11.430Z,38.8230019,-122.7685013,2.28,0.48,md,10,108,0.007539,0.02,nc,nc72998756,2018-04-12T17:03:03.812Z,"4km W of Cobb, CA",earthquake,0.44,0.79,0.09,4,automatic,nc,nc
2018-04-12T16:46:22.640Z,38.8214989,-122.7645035,1.66,1.57,md,23,56,0.009905,0.06,nc,nc72998751,2018-04-12T18:43:01.355Z,"4km W of Cobb, CA",earthquake,0.24,0.39,0.05,7,automatic,nc,nc
2018-04-12T16:41:25.160Z,45.1878333,-112.4368333,-2,0.94,md,7,140,0.284,0.06,mb,mb80289429,2018-04-12T17:22:09.920Z,"16km ESE of Dillon, Montana",quarry blast,0.39,31.61,0.217,6,reviewed,mb,mb
2018-04-12T16:29:04.550Z,-56.3642,-27.1445,117.93,5.3,mb,,93,5.727,0.93,us,us2000dyz7,2018-04-12T16:48:02.040Z,"37km N of Visokoi Island, South Georgia and the South Sandwich Islands",earthquake,13,8.7,0.077,57,reviewed,us,us
2018-04-12T16:17:45.360Z,44.0825,-114.5991667,6.56,1.47,ml,4,107,0.537,0.16,mb,mb80289439,2018-04-12T17:34:27.290Z,"47km NNW of Sun Valley, Idaho",earthquake,2.49,9.3,0.451,3,reviewed,mb,mb
2018-04-12T15:51:26.560Z,34.211,-117.6266667,10.88,0.89,ml,6,95,0.03831,0.07,ci,ci38147992,2018-04-12T19:41:09.473Z,"11km NNW of Rancho Cucamonga, CA",earthquake,0.47,0.88,0.173,3,reviewed,ci,ci
2018-04-12T15:50:26.638Z,62.9389,-150.4907,87.1,1.9,ml,,,,0.41,ak,ak19232639,2018-04-12T16:01:27.451Z,"71km NNW of Talkeetna, Alaska",earthquake,,0.8,,,automatic,ak,ak
2018-04-12T15:36:19.100Z,63.5125,-150.842,0.9,1,ml,,,,0.59,ak,ak19232633,2018-04-12T15:41:03.530Z,"95km W of Cantwell, Alaska",earthquake,,0.4,,,automatic,ak,ak
2018-04-12T15:33:21.570Z,42.5608333,-111.4068333,8.1,2.27,ml,18,114,0.08852,0.13,uu,uu60277887,2018-04-12T16:00:34.090Z,"19km ESE of Soda Springs, Idaho",earthquake,0.36,0.64,0.058,4,reviewed,uu,uu
2018-04-12T15:31:07.400Z,37.6196667,-118.892,4.89,0.33,md,7,158,0.01076,0.03,nc,nc72998741,2018-04-12T17:25:01.929Z,"8km ESE of Mammoth Lakes, CA",earthquake,2.19,31.61,0.119,5,reviewed,nc,nc
2018-04-12T15:29:12.330Z,38.8178329,-122.8098297,2.79,1.35,md,18,78,0.005557,0.04,nc,nc72998736,2018-04-12T16:57:03.780Z,"6km NW of The Geysers, CA",earthquake,0.32,0.66,0.09,5,automatic,nc,nc
2018-04-12T14:57:23.560Z,19.1700001,-155.4678345,27.03,1.9,md,31,95,0.01549,0.11,hv,hv70078441,2018-04-12T15:00:43.140Z,"4km SSE of Pahala, Hawaii",earthquake,0.54,0.89,0.12,4,automatic,hv,hv
2018-04-12T14:56:10.520Z,42.6695,-111.424,-2.71,1.9,ml,9,155,0.1328,0.09,uu,uu60277872,2018-04-12T17:19:39.790Z,"14km E of Soda Springs, Idaho",earthquake,0.49,1.28,0.21,3,reviewed,uu,uu
2018-04-12T14:52:00.590Z,44.759,-111.1258333,10.08,1.78,ml,16,91,0.03964,0.12,uu,uu60277857,2018-04-12T17:23:20.430Z,"10km N of West Yellowstone, Montana",earthquake,0.4,0.66,0.254,2,reviewed,uu,uu
2018-04-12T14:44:05.780Z,38.776001,-122.7216644,1.79,1.17,md,10,135,0.004407,0.06,nc,nc72998721,2018-04-12T15:38:02.021Z,"3km W of Anderson Springs, CA",earthquake,0.59,0.57,0.09,4,automatic,nc,nc
2018-04-12T14:38:27.430Z,44.8271667,-112.3203333,7.48,0.77,md,11,78,0.24,0.13,mb,mb80289434,2018-04-12T17:27:16.160Z,"30km NE of Lima, Montana",earthquake,0.39,4.77,0.091,7,reviewed,mb,mb
2018-04-12T14:37:26.792Z,59.0258,-136.9532,5.1,2.1,ml,,,,0.77,ak,ak19232630,2018-04-12T14:43:18.232Z,"89km WSW of Haines, Alaska",earthquake,,0.4,,,automatic,ak,ak
2018-04-12T14:02:24.271Z,63.0848,-151.4814,3.8,1.3,ml,,,,0.51,ak,ak19232624,2018-04-12T14:15:10.704Z,"110km NW of Talkeetna, Alaska",earthquake,,0.5,,,automatic,ak,ak
2018-04-12T13:50:47.240Z,19.1704998,-155.4048309,7.71,2.74,ml,11,229,0.118,0.23,hv,hv70078426,2018-04-12T13:56:34.380Z,"8km ESE of Pahala, Hawaii",earthquake,2.36,4.28,0.26,3,automatic,hv,hv
2018-04-12T13:49:44.543Z,63.0985,-151.4046,6.6,2.1,ml,,,,0.61,ak,ak19232590,2018-04-12T14:00:41.409Z,"108km NW of Talkeetna, Alaska",earthquake,,0.3,,,automatic,ak,ak
2018-04-12T13:46:18.106Z,61.5552,-146.4747,40.7,1.4,ml,,,,0.58,ak,ak19232587,2018-04-12T16:55:23.430Z,"47km N of Valdez, Alaska",earthquake,,0.6,,,reviewed,ak,ak
2018-04-12T13:37:39.420Z,38.3358,142.002,60.16,4.8,mb,,139,1.063,1.29,us,us2000dyw3,2018-04-12T15:44:50.463Z,"61km E of Ishinomaki, Japan",earthquake,6.4,6.4,0.043,167,reviewed,us,us
2018-04-12T13:32:17.390Z,38.8221664,-122.8125,1.49,0.74,md,13,76,0.002257,0.04,nc,nc72998706,2018-04-12T14:02:02.487Z,"7km NW of The Geysers, CA",earthquake,0.3,0.61,0.17,2,automatic,nc,nc
2018-04-12T12:54:17.540Z,36.4679,-115.2074,4.1,0.8,ml,12,117.48,0.055,0.1246,nn,nn00630149,2018-04-12T17:02:39.762Z,"28km NNW of Nellis Air Force Base, Nevada",earthquake,,4.5,0.4,8,reviewed,nn,nn
2018-04-12T12:42:42.560Z,19.2033329,-155.4266663,31.75,2.01,md,33,143,0.04376,0.17,hv,hv70078401,2018-04-12T12:45:58.960Z,"5km E of Pahala, Hawaii",earthquake,0.71,1.16,0.12,3,automatic,hv,hv
2018-04-12T12:42:30.420Z,34.0351667,-116.4433333,7.84,2.13,ml,81,23,0.05591,0.15,ci,ci38147968,2018-04-12T19:38:02.120Z,"9km S of Yucca Valley, CA",earthquake,0.12,0.42,0.131,24,reviewed,ci,ci
2018-04-12T12:19:47.330Z,18.555,-66.7541,15,2.47,md,4,308,0.2084,0.24,pr,pr2018102005,2018-04-12T18:52:47.457Z,"8km NNE of Carrizales, Puerto Rico",earthquake,2.08,2.04,0.04,4,reviewed,pr,pr
2018-04-12T12:15:59.520Z,19.3994999,-155.2811737,8.55,1.94,md,32,36,0.008211,0.15,hv,hv70078356,2018-04-12T12:19:18.740Z,"5km SW of Volcano, Hawaii",earthquake,0.52,0.43,0.28,17,automatic,hv,hv
2018-04-12T12:13:06.341Z,60.0814,-140.7052,6.9,1.5,ml,,,,0.29,ak,ak19232585,2018-04-12T12:19:28.947Z,"80km NW of Yakutat, Alaska",earthquake,,0.6,,,automatic,ak,ak
2018-04-12T12:08:39.790Z,19.3851662,-155.2681732,5,2.16,md,40,48,0.01139,0.32,hv,hv70078346,2018-04-12T12:11:59.480Z,"5km SSW of Volcano, Hawaii",earthquake,0.44,0.53,0.16,20,automatic,hv,hv
2018-04-12T12:05:56.007Z,38.4332,-118.3285,7.5,0.4,ml,5,127.91,0.007,0.0904,nn,nn00630170,2018-04-12T18:19:37.373Z,"27km ESE of Hawthorne, Nevada",earthquake,,1.5,0.14,2,reviewed,nn,nn
2018-04-12T12:01:57.540Z,19.3968334,-155.2781677,8.6,1.89,ml,31,45,0.004513,0.17,hv,hv70078336,2018-04-12T12:07:41.020Z,"5km SW of Volcano, Hawaii",earthquake,0.45,0.45,0.16,4,automatic,hv,hv
2018-04-12T11:49:59.056Z,59.3088,-153.0081,69.9,2,ml,,,,0.36,ak,ak19232577,2018-04-12T11:57:35.468Z,"84km SW of Anchor Point, Alaska",earthquake,,1.2,,,automatic,ak,ak
2018-04-12T11:49:51.380Z,34.021,-117.227,16.69,1.07,ml,20,97,0.08615,0.2,ci,ci38147952,2018-04-12T13:04:55.591Z,"4km SE of Loma Linda, CA",earthquake,0.43,0.96,0.286,13,reviewed,ci,ci
2018-04-12T11:49:01.134Z,60.326,-152.1346,82.3,1.8,ml,,,,0.67,ak,ak19232572,2018-04-12T11:54:53.262Z,"37km ESE of Redoubt Volcano, Alaska",earthquake,,0.7,,,automatic,ak,ak
2018-04-12T11:44:11.330Z,48.0925,-113.0208333,6.15,1.57,ml,11,118,0.704,0.22,mb,mb80289409,2018-04-12T14:08:38.670Z,"50km S of South Browning, Montana",earthquake,0.73,31.61,0.027,2,reviewed,mb,mb
2018-04-12T11:41:02.200Z,33.5201667,-116.7521667,4.57,0.52,ml,17,130,0.04679,0.1,ci,ci38147944,2018-04-12T19:23:42.293Z,"8km WSW of Anza, CA",earthquake,0.27,0.3,0.089,9,reviewed,ci,ci
2018-04-12T11:39:41.580Z,19.4023342,-155.2806702,8.6,1.73,ml,38,29,0.009593,0.25,hv,hv70078306,2018-04-12T11:45:41.000Z,"5km SW of Volcano, Hawaii",earthquake,0.42,0.48,0.24,6,automatic,hv,hv
2018-04-12T11:37:00.800Z,39.4512,143.2552,34.53,4.9,mb,,136,2.146,0.98,us,us2000dytz,2018-04-12T13:53:14.332Z,"112km E of Yamada, Japan",earthquake,7.5,5.8,0.053,110,reviewed,us,us
2018-04-12T11:13:05.500Z,19.395834,-155.2765045,6.92,1.85,ml,29,46,0.002741,0.36,hv,hv70078246,2018-04-12T11:18:55.150Z,"5km SW of Volcano, Hawaii",earthquake,0.64,0.77,0.29,6,automatic,hv,hv
2018-04-12T10:53:12.410Z,33.8596667,-118.2881667,14.53,2.5,ml,92,50,0.03716,0.24,ci,ci38147936,2018-04-12T18:39:54.320Z,"3km N of Carson, CA",earthquake,0.18,0.35,0.261,26,reviewed,ci,ci
2018-04-12T10:51:41.900Z,19.3991661,-155.2836609,7.17,2.04,ml,36,41,0.01018,0.36,hv,hv70078226,2018-04-12T10:57:20.490Z,"5km SW of Volcano, Hawaii",earthquake,0.63,0.55,0.25,6,automatic,hv,hv
2018-04-12T10:48:22.664Z,64.0265,-148.7041,15.5,1.2,ml,,,,0.4,ak,ak19232539,2018-04-12T10:54:45.362Z,"22km NE of Healy, Alaska",earthquake,,0.2,,,automatic,ak,ak
2018-04-12T10:43:17.362Z,52.8282,-168.0924,38.1,2.1,ml,,,,0.46,ak,ak19232538,2018-04-12T16:40:33.548Z,"53km ESE of Nikolski, Alaska",earthquake,,0.9,,,reviewed,ak,ak
2018-04-12T10:41:51.450Z,40.4065,77.3271,10,4.9,mb,,62,1.369,1.35,us,us2000dyta,2018-04-12T10:55:58.040Z,"131km NE of Arzak, China",earthquake,3.2,1.9,0.08,49,reviewed,us,us
2018-04-12T10:35:51.030Z,19.3998337,-155.2603302,5.42,1.78,ml,27,39,0.00561,0.39,hv,hv70078201,2018-04-12T10:41:36.460Z,"4km SW of Volcano, Hawaii",earthquake,0.63,0.77,0.56,3,automatic,hv,hv
2018-04-12T10:33:47.425Z,38.4765,-117.8299,2.4,1.6,ml,14,75.34,0.259,0.1736,nn,nn00630143,2018-04-12T16:47:08.858Z,"44km S of Gabbs, Nevada",earthquake,,2,0.1,7,reviewed,nn,nn
2018-04-12T10:22:44.510Z,19.4165001,-155.2678375,6.38,1.71,ml,39,39,0.008702,0.35,hv,hv70078186,2018-04-12T10:28:28.090Z,"3km WSW of Volcano, Hawaii",earthquake,0.45,0.49,0.26,11,automatic,hv,hv
2018-04-12T10:21:28.900Z,38.8233337,-122.8426666,1.18,0.57,md,7,178,0.01187,0.11,nc,nc72998686,2018-04-12T12:50:02.119Z,"9km NW of The Geysers, CA",earthquake,1.87,1.35,,1,automatic,nc,nc
2018-04-12T10:17:16.080Z,46.8703333,-112.5371667,10.64,1.37,md,11,103,0.187,0.17,mb,mb80289404,2018-04-12T14:33:05.190Z,"14km SE of Lincoln, Montana",earthquake,0.67,1.04,0.153,14,reviewed,mb,mb
2018-04-12T10:11:22.340Z,19.4023342,-155.2720032,7.85,1.94,md,34,31,0.007101,0.22,hv,hv70078171,2018-04-12T10:14:40.200Z,"4km SW of Volcano, Hawaii",earthquake,0.45,0.44,0.34,22,automatic,hv,hv
2018-04-12T10:09:29.714Z,62.9008,-147.8795,59,0.6,ml,,,,0.28,ak,ak19232532,2018-04-12T16:32:48.265Z,"76km SE of Cantwell, Alaska",earthquake,,1.1,,,reviewed,ak,ak
2018-04-12T10:08:54.440Z,38.8264999,-122.8069992,1.57,1.82,md,30,51,0.003922,0.04,nc,nc72998681,2018-04-12T12:24:01.977Z,"7km NW of The Geysers, CA",earthquake,0.17,0.35,0.13,9,automatic,nc,nc
2018-04-12T09:57:56.310Z,19.3861675,-155.269165,3.45,1.94,ml,41,45,0.01008,0.36,hv,hv70078161,2018-04-12T10:03:39.930Z,"5km SSW of Volcano, Hawaii",earthquake,0.44,0.7,0.3,15,automatic,hv,hv
2018-04-12T09:55:32.490Z,38.8019981,-122.815834,2.47,0.34,md,10,113,0.01248,0.02,nc,nc72998676,2018-04-12T11:57:04.818Z,"6km WNW of The Geysers, CA",earthquake,0.41,0.92,,1,automatic,nc,nc
2018-04-12T09:45:54.810Z,38.7753334,-122.7440033,5.17,0.47,md,4,160,0.009729,0.07,nc,nc72998671,2018-04-12T11:31:02.675Z,"1km ESE of The Geysers, CA",earthquake,2.75,7.09,,1,automatic,nc,nc
2018-04-12T09:45:01.390Z,19.3964996,-155.2825012,7.29,2.04,md,15,120,0.008437,0.16,hv,hv70078141,2018-04-12T09:48:01.000Z,"6km SW of Volcano, Hawaii",earthquake,1.04,0.53,0.29,9,automatic,hv,hv
2018-04-12T09:40:05.780Z,19.4050007,-155.2916718,4.95,1.88,md,34,43,0.008029,0.18,hv,hv70078136,2018-04-12T09:43:28.800Z,"6km WSW of Volcano, Hawaii",earthquake,0.35,0.48,0.19,18,automatic,hv,hv
2018-04-12T09:38:42.390Z,22.3838,143.0219,191.98,4.7,mb,,82,4.752,0.67,us,us2000dysc,2018-04-12T10:17:48.040Z,"282km NW of Farallon de Pajaros, Northern Mariana Islands",earthquake,10.2,7.5,0.034,257,reviewed,us,us
2018-04-12T09:34:10.190Z,19.3899994,-155.2868347,7.95,1.99,ml,31,66,0.005938,0.26,hv,hv70078131,2018-04-12T09:39:56.830Z,"6km SW of Volcano, Hawaii",earthquake,0.52,0.47,0.27,15,automatic,hv,hv
2018-04-12T09:31:42.600Z,-18.1348,-175.1655,233.14,4.7,mb,,63,5.055,1.26,us,us2000dys6,2018-04-12T10:05:25.040Z,"137km WNW of Neiafu, Tonga",earthquake,10.1,8.4,0.066,70,reviewed,us,us
2018-04-12T09:28:11.310Z,33.694,-116.7995,15.64,0.49,ml,11,138,0.07317,0.04,ci,ci38147928,2018-04-12T18:25:59.736Z,"9km SW of Idyllwild, CA",earthquake,0.27,0.34,0.103,4,reviewed,ci,ci
2018-04-12T09:20:58.760Z,19.4044991,-155.2768402,4.01,1.93,ml,45,33,0.008427,0.25,hv,hv70078116,2018-04-12T09:26:45.110Z,"5km SW of Volcano, Hawaii",earthquake,0.3,0.37,0.2,14,automatic,hv,hv
2018-04-12T09:17:40.510Z,19.3983326,-155.2998352,4.87,1.83,ml,34,47,0.008249,0.36,hv,hv70078111,2018-04-12T09:23:24.030Z,"7km WSW of Volcano, Hawaii",earthquake,0.52,0.73,0.25,8,automatic,hv,hv
2018-04-12T09:12:54.360Z,19.4031658,-155.2785034,8.5,1.89,md,31,36,0.009012,0.2,hv,hv70078106,2018-04-12T09:16:11.480Z,"5km SW of Volcano, Hawaii",earthquake,0.49,0.52,0.22,17,automatic,hv,hv
2018-04-12T09:08:28.238Z,61.6313,-146.7912,32.4,1.3,ml,,,,0.26,ak,ak19232502,2018-04-12T09:12:53.516Z,"60km NNW of Valdez, Alaska",earthquake,,0.3,,,automatic,ak,ak
2018-04-12T09:06:49.224Z,39.5493,-120.5761,2.7,0.5,ml,4,198.03,0.23,0.1022,nn,nn00630164,2018-04-12T18:04:14.876Z,"21km E of Downieville, California",earthquake,,45.9,0.78,3,reviewed,nn,nn
2018-04-12T09:06:23.690Z,33.9281667,-118.7153333,2.13,1.79,ml,28,153,0.1429,0.29,ci,ci38147920,2018-04-12T13:05:31.207Z,"12km SSW of Malibu Beach, CA",earthquake,0.67,0.97,0.226,31,reviewed,ci,ci
2018-04-12T09:05:27.940Z,19.3959999,-155.2843323,4.57,1.75,ml,31,42,0.009737,0.38,hv,hv70078096,2018-04-12T09:11:13.880Z,"6km SW of Volcano, Hawaii",earthquake,0.61,0.82,0.26,5,automatic,hv,hv
2018-04-12T09:03:47.060Z,46.9121667,-112.5421667,10.73,1.13,md,10,116,0.183,0.07,mb,mb80289399,2018-04-12T14:38:39.070Z,"11km ESE of Lincoln, Montana",earthquake,0.42,1.04,0.235,13,reviewed,mb,mb
2018-04-12T09:01:00.572Z,64.7862,-148.8129,17.1,0.8,ml,,,,0.5,ak,ak19232498,2018-04-12T09:08:09.943Z,"27km NNE of North Nenana, Alaska",earthquake,,0.2,,,automatic,ak,ak
2018-04-12T08:57:19.000Z,38.8008347,-122.8174973,2.45,0.93,md,18,116,0.01215,0.04,nc,nc72998666,2018-04-12T11:04:02.534Z,"6km WNW of The Geysers, CA",earthquake,0.32,0.56,0.06,4,automatic,nc,nc
2018-04-12T08:56:31.450Z,19.4050007,-155.2818298,0.44,1.94,ml,17,58,0.007048,0.18,hv,hv70078086,2018-04-12T09:02:19.030Z,"5km WSW of Volcano, Hawaii",earthquake,0.24,0.33,0.24,5,automatic,hv,hv
2018-04-12T08:55:01.560Z,40.164,-119.6322,13.1,0.9,ml,6,275.13,0.265,0.1516,nn,nn00630163,2018-04-12T17:55:00.280Z,"51km SSW of Gerlach-Empire, Nevada",earthquake,,2.2,0.29,4,reviewed,nn,nn
2018-04-12T08:54:38.350Z,19.3983326,-155.2888336,5.95,1.96,ml,29,52,0.009612,0.36,hv,hv70078081,2018-04-12T09:00:22.920Z,"6km SW of Volcano, Hawaii",earthquake,0.55,0.78,0.28,7,automatic,hv,hv
2018-04-12T08:50:28.780Z,19.3981667,-155.2801666,9,1.93,md,33,40,0.006758,0.3,hv,hv70078076,2018-04-12T08:53:38.240Z,"5km SW of Volcano, Hawaii",earthquake,0.5,0.5,0.29,20,automatic,hv,hv
2018-04-12T08:49:31.227Z,63.0994,-149.6325,7.5,2.5,ml,,,,0.83,ak,ak19232488,2018-04-12T09:03:16.176Z,"48km SW of Cantwell, Alaska",earthquake,,0.3,,,automatic,ak,ak
2018-04-12T08:47:26.360Z,37.5903333,-118.8311667,1.17,0.46,md,6,188,0.001663,0.08,nc,nc72998661,2018-04-12T17:15:03.881Z,"14km WNW of Toms Place, CA",earthquake,1.42,1.76,0.296,5,reviewed,nc,nc
2018-04-12T08:46:58.640Z,19.4060001,-155.2821655,6.59,2,ml,35,27,0.006115,0.38,hv,hv70078066,2018-04-12T08:52:34.640Z,"5km WSW of Volcano, Hawaii",earthquake,0.51,0.51,0.21,16,automatic,hv,hv
2018-04-12T08:44:40.020Z,39.3426667,-111.9423333,5.47,1.38,md,10,169,0.1812,0.14,uu,uu60277662,2018-04-12T17:28:05.200Z,"23km NNW of Gunnison, Utah",earthquake,0.8,1.04,0.309,7,reviewed,uu,uu
2018-04-12T08:43:00.270Z,19.1728325,-155.4850006,32.14,1.99,md,36,94,0.02772,0.17,hv,hv70078061,2018-04-12T08:46:16.070Z,"3km S of Pahala, Hawaii",earthquake,0.69,1,0.14,5,automatic,hv,hv
2018-04-12T08:37:47.510Z,19.4328327,-155.4075012,-0.17,2.37,ml,50,35,0.06335,0.2,hv,hv70078056,2018-04-12T08:43:39.770Z,"17km W of Volcano, Hawaii",earthquake,0.31,0.42,2.78,21,automatic,hv,hv
2018-04-12T08:33:35.440Z,-26.475,-71.615,21.87,4.1,mwr,,193,0.968,0.73,us,us2000dyq8,2018-04-12T08:54:06.040Z,"156km W of Diego de Almagro, Chile",earthquake,8.3,8.9,0.051,37,reviewed,us,us
2018-04-12T08:31:35.550Z,19.3959999,-155.2831726,4.58,1.79,md,34,42,0.009017,0.26,hv,hv70078041,2018-04-12T08:34:57.800Z,"6km SW of Volcano, Hawaii",earthquake,0.44,0.59,0.3,20,automatic,hv,hv
2018-04-12T08:31:11.990Z,18.426,-67.6953,123,2.92,md,8,162,0.5856,0.36,pr,pr2018102004,2018-04-12T13:42:31.117Z,"48km WNW of Rincon, Puerto Rico",earthquake,3.95,2.48,0.18,8,reviewed,pr,pr
2018-04-12T08:25:34.090Z,38.774334,-122.7436676,0.38,2.51,md,33,77,0.01042,0.06,nc,nc72998646,2018-04-12T10:13:03.258Z,"1km ESE of The Geysers, CA",earthquake,0.22,0.31,0.21,12,automatic,nc,nc
2018-04-12T08:21:07.740Z,19.4123325,-155.2801666,5.82,1.91,md,33,28,0.006471,0.29,hv,hv70078026,2018-04-12T08:26:54.170Z,"4km WSW of Volcano, Hawaii",earthquake,0.51,0.74,0.21,20,automatic,hv,hv
2018-04-12T08:19:37.630Z,46.9065,-122.0033333,9.61,0.51,ml,5,160,0.04257,0.08,uw,uw61362307,2018-04-12T19:00:45.800Z,"20km ENE of Eatonville, Washington",earthquake,0.84,1.62,0.181,5,reviewed,uw,uw
2018-04-12T08:16:48.570Z,19.421833,-155.2779999,8.1,1.82,md,32,53,0.002938,0.27,hv,hv70078021,2018-04-12T08:22:33.170Z,"4km WSW of Volcano, Hawaii",earthquake,0.51,0.58,0.15,17,automatic,hv,hv
2018-04-12T08:09:37.730Z,19.3980007,-155.2831726,6.77,1.82,ml,36,37,0.009369,0.32,hv,hv70078011,2018-04-12T08:15:13.930Z,"5km SW of Volcano, Hawaii",earthquake,0.65,0.49,0.21,13,automatic,hv,hv
2018-04-12T08:04:10.815Z,63.1294,-149.8435,86.2,2.8,ml,,,,0.6,ak,ak19232437,2018-04-12T08:31:05.040Z,"53km WSW of Cantwell, Alaska",earthquake,,0.5,,,automatic,ak,ak
2018-04-12T08:03:04.680Z,44.7595,-111.1256667,9.97,1.69,ml,19,66,0.03913,0.13,uu,uu60277652,2018-04-12T14:17:47.900Z,"10km N of West Yellowstone, Montana",earthquake,0.45,0.63,0.296,2,reviewed,uu,uu
2018-04-12T08:01:16.090Z,38.0138333,-118.9183333,2.3,1.53,md,12,308,0.319,0.07,nc,nc72998636,2018-04-12T19:36:02.625Z,"19km ENE of Lee Vining, CA",earthquake,2.12,7.29,0.111,10,reviewed,nc,nc
2018-04-12T08:01:00.990Z,19.4096661,-155.27034,10.57,1.78,md,25,42,0.01016,0.25,hv,hv70077996,2018-04-12T08:04:14.650Z,"4km SW of Volcano, Hawaii",earthquake,0.67,0.62,0.18,17,automatic,hv,hv
2018-04-12T07:57:18.680Z,19.3983326,-155.2781677,7.67,1.91,md,32,44,0.00519,0.17,hv,hv70077991,2018-04-12T08:00:45.660Z,"5km SW of Volcano, Hawaii",earthquake,0.4,0.4,0.25,19,automatic,hv,hv
2018-04-12T07:56:52.870Z,43.6623,139.5499,213.25,5.1,mww,,33,2.246,0.68,us,us2000dypk,2018-04-12T08:30:18.229Z,"109km NW of Iwanai, Japan",earthquake,7.1,6.4,0.071,19,reviewed,us,us
2018-04-12T07:53:33.940Z,19.4181671,-155.2766724,4.5,1.93,ml,44,39,0.006614,0.32,hv,hv70077986,2018-04-12T07:59:11.870Z,"4km WSW of Volcano, Hawaii",earthquake,0.53,0.43,0.26,17,automatic,hv,hv
2018-04-12T07:53:13.987Z,61.7483,-148.5315,15,0.4,ml,,,,0.41,ak,ak19232433,2018-04-12T16:26:33.942Z,"17km ESE of Sutton-Alpine, Alaska",earthquake,,0.9,,,reviewed,ak,ak
2018-04-12T07:47:26.880Z,33.0083333,-116.2288333,4.89,1.12,ml,38,80,0.1556,0.22,ci,ci38147904,2018-04-12T18:20:41.053Z,"18km SSW of Ocotillo Wells, CA",earthquake,0.26,1.54,0.085,20,reviewed,ci,ci
2018-04-12T07:47:05.590Z,19.4173336,-155.279007,9.33,1.8,md,27,50,0.004815,0.24,hv,hv70077976,2018-04-12T07:50:08.450Z,"4km WSW of Volcano, Hawaii",earthquake,0.58,0.64,0.14,14,automatic,hv,hv
2018-04-12T07:45:43.550Z,19.2973,-67.0891,10,3.11,md,9,257,0.8301,0.46,pr,pr2018102003,2018-04-12T13:42:01.989Z,"88km N of Isabela, Puerto Rico",earthquake,5.19,6.3,0.04,5,reviewed,pr,pr
2018-04-12T07:43:39.140Z,38.8321648,-122.8095016,2.24,0.88,md,11,57,0.008768,0.03,nc,nc72998631,2018-04-12T08:18:02.609Z,"8km W of Cobb, CA",earthquake,0.34,1.06,,1,automatic,nc,nc
2018-04-12T07:42:13.150Z,19.3953342,-155.2793274,8.09,1.95,ml,37,40,0.005366,0.19,hv,hv70077971,2018-04-12T07:47:56.810Z,"5km SW of Volcano, Hawaii",earthquake,0.43,0.26,0.23,8,automatic,hv,hv
2018-04-12T07:41:24.730Z,35.5993333,-118.3791667,2.52,1.84,ml,33,74,0.09815,0.12,ci,ci38147896,2018-04-12T18:01:26.150Z,"9km ESE of Lake Isabella, CA",earthquake,0.14,0.29,0.277,24,reviewed,ci,ci
2018-04-12T07:38:10.860Z,38.8406677,-122.7783356,3.51,0.57,md,10,101,0.002454,0.04,nc,nc72998621,2018-04-12T09:31:03.014Z,"5km WNW of Cobb, CA",earthquake,0.72,1.74,,1,automatic,nc,nc
2018-04-12T07:36:51.480Z,19.4018326,-155.2769928,7.57,1.72,md,30,39,0.007166,0.22,hv,hv70077966,2018-04-12T07:39:56.290Z,"5km SW of Volcano, Hawaii",earthquake,0.37,0.51,0.23,15,automatic,hv,hv
2018-04-12T07:28:15.050Z,19.4029999,-155.2850037,6.92,1.94,ml,35,29,0.01314,0.38,hv,hv70077946,2018-04-12T07:34:05.210Z,"5km WSW of Volcano, Hawaii",earthquake,0.58,0.66,0.23,13,automatic,hv,hv
2018-04-12T07:20:17.840Z,19.3703327,-155.2896729,8.04,1.84,ml,28,202,0.01778,0.31,hv,hv70077931,2018-04-12T07:26:01.440Z,"8km SW of Volcano, Hawaii",earthquake,1.04,0.68,0.2,8,automatic,hv,hv
2018-04-12T07:08:59.080Z,19.3978329,-155.279007,7.43,2.02,md,32,43,0.005626,0.24,hv,hv70077911,2018-04-12T07:12:10.880Z,"5km SW of Volcano, Hawaii",earthquake,0.42,0.5,0.2,18,automatic,hv,hv
2018-04-12T07:03:10.090Z,19.442667,-155.2713318,7.13,1.82,ml,29,99,0.01589,0.3,hv,hv70077901,2018-04-12T07:08:56.070Z,"3km WNW of Volcano, Hawaii",earthquake,0.85,0.72,0.36,4,automatic,hv,hv
2018-04-12T07:01:21.420Z,19.4109993,-155.2626648,8.73,1.8,ml,30,60,0.002845,0.33,hv,hv70077891,2018-04-12T07:07:06.280Z,"3km SW of Volcano, Hawaii",earthquake,1.2,0.74,0.3,11,automatic,hv,hv
2018-04-12T06:58:00.840Z,-4.1299,153.5941,181.15,4.4,mb,,137,1.428,0.73,us,us2000dytn,2018-04-12T11:28:26.040Z,"72km ENE of Taron, Papua New Guinea",earthquake,4.5,7.4,0.082,43,reviewed,us,us
2018-04-12T06:57:24.910Z,19.3843327,-155.272995,7.49,2,md,31,64,0.008517,0.31,hv,hv70077886,2018-04-12T07:00:55.980Z,"6km SW of Volcano, Hawaii",earthquake,0.68,0.49,0.2,19,automatic,hv,hv
2018-04-12T06:54:37.250Z,19.4821663,-155.3063354,2.03,2.26,ml,9,123,0.06254,0.27,hv,hv70077881,2018-04-12T07:00:41.000Z,"9km NW of Volcano, Hawaii",earthquake,1.43,4.04,0.23,3,automatic,hv,hv
2018-04-12T06:54:35.740Z,19.4023342,-155.2806702,7.72,1.86,ml,33,29,0.009593,0.22,hv,hv70077876,2018-04-12T07:00:27.560Z,"5km SW of Volcano, Hawaii",earthquake,0.46,0.48,0.19,4,automatic,hv,hv
2018-04-12T06:54:08.470Z,19.496666,-155.4733276,2.12,2.62,ml,8,127,0.03662,0.07,hv,hv70077871,2018-04-12T06:59:47.260Z,"25km WNW of Volcano, Hawaii",earthquake,0.53,2.08,0.21,3,automatic,hv,hv
2018-04-12T06:51:57.971Z,66.0515,-150.5985,0,1.4,ml,,,,0.83,ak,ak19232430,2018-04-12T07:02:15.326Z,"107km ESE of New Allakaket, Alaska",earthquake,,0.5,,,automatic,ak,ak
2018-04-12T06:51:50.970Z,46.9386667,-121.9893333,15.15,1.41,ml,9,134,0.008938,0.06,uw,uw61362217,2018-04-12T07:03:49.990Z,"22km ENE of Eatonville, Washington",earthquake,0.81,1.13,0.246,9,reviewed,uw,uw
2018-04-12T06:48:28.860Z,46.9361667,-121.9828333,14.35,2.08,ml,12,76,0.007512,0.1,uw,uw61362212,2018-04-12T14:51:06.084Z,"22km ENE of Eatonville, Washington",earthquake,0.44,0.62,0.258,6,reviewed,uw,uw
2018-04-12T06:47:45.430Z,19.3981667,-155.2785034,8.39,1.93,md,30,43,0.005367,0.21,hv,hv70077861,2018-04-12T06:50:56.470Z,"5km SW of Volcano, Hawaii",earthquake,0.49,0.52,0.19,19,automatic,hv,hv
2018-04-12T06:43:05.284Z,60.3821,-151.8739,76.5,1.8,ml,,,,0.47,ak,ak19232420,2018-04-12T06:49:27.249Z,"31km W of Cohoe, Alaska",earthquake,,0.8,,,automatic,ak,ak
2018-04-12T06:42:31.180Z,15.2989,-95.8808,10,4.6,mb,,184,3.421,0.81,us,us2000dyt6,2018-04-12T11:09:37.040Z,"72km SSE of Santa Maria Xadani, Mexico",earthquake,13.8,2,0.047,137,reviewed,us,us
2018-04-12T06:40:28.886Z,63.2441,-151.1568,4,1.4,ml,,,,0.57,ak,ak19232419,2018-04-12T06:49:27.496Z,"111km W of Cantwell, Alaska",earthquake,,1,,,automatic,ak,ak
2018-04-12T06:40:22.530Z,19.4125004,-155.2868347,7.31,1.83,ml,36,33,0.005748,0.21,hv,hv70077851,2018-04-12T06:46:04.090Z,"5km WSW of Volcano, Hawaii",earthquake,0.4,0.44,0.13,6,automatic,hv,hv
2018-04-12T06:39:58.780Z,46.9385,-121.9663333,12.23,2.96,ml,24,76,0.007755,0.13,uw,uw61362202,2018-04-12T16:06:57.597Z,"23km ENE of Eatonville, Washington",earthquake,0.34,0.67,0.238,13,reviewed,uw,uw
2018-04-12T06:33:54.010Z,36.24,-89.4815,7.16,1.66,md,15,65,0.0287,0.04,nm,nm60195582,2018-04-12T12:43:43.520Z,"2km SSE of Ridgely, Tennessee",earthquake,0.33,0.67,0.207,11,reviewed,nm,nm
2018-04-12T06:31:43.950Z,19.4004993,-155.2836609,6.32,2.01,md,29,28,0.01402,0.16,hv,hv70077841,2018-04-12T06:35:05.270Z,"5km SW of Volcano, Hawaii",earthquake,0.34,0.55,0.14,17,automatic,hv,hv
2018-04-12T06:28:12.130Z,19.3948326,-155.2626648,7.63,1.72,md,23,67,0.004648,0.25,hv,hv70077836,2018-04-12T06:31:23.210Z,"4km SSW of Volcano, Hawaii",earthquake,0.71,0.53,0.47,5,automatic,hv,hv
2018-04-12T06:24:40.590Z,38.7910004,-122.4421692,6.84,2.53,md,26,93,0.01537,0.16,nc,nc72998601,2018-04-12T09:05:03.865Z,"10km E of Hidden Valley Lake, CA",earthquake,0.3,0.62,0.2,23,automatic,nc,nc
2018-04-12T06:23:27.360Z,19.3938332,-155.276001,5.36,1.93,ml,40,47,0.002699,0.33,hv,hv70077826,2018-04-12T06:29:13.400Z,"5km SW of Volcano, Hawaii",earthquake,0.47,0.52,0.16,5,automatic,hv,hv
2018-04-12T06:12:40.410Z,19.3869991,-155.2751617,9.33,1.72,md,26,62,0.008448,0.31,hv,hv70077806,2018-04-12T06:15:48.710Z,"6km SW of Volcano, Hawaii",earthquake,1.05,0.63,0.32,12,automatic,hv,hv
2018-04-12T06:10:33.713Z,39.4411,-120.2898,8.2,0.4,ml,9,119.16,0.093,0.1494,nn,nn00630162,2018-04-12T17:48:49.896Z,"15km NW of Truckee, California",earthquake,,2.8,0,1,reviewed,nn,nn
2018-04-12T06:09:13.010Z,19.4013329,-155.2751617,7.15,1.88,ml,36,37,0.006104,0.34,hv,hv70077801,2018-04-12T06:15:05.900Z,"5km SW of Volcano, Hawaii",earthquake,0.63,0.71,0.31,5,automatic,hv,hv
2018-04-12T06:09:09.560Z,19.4619999,-155.2304993,10.11,2.07,ml,24,140,0.04237,0.32,hv,hv70077796,2018-04-12T06:14:52.570Z,"3km NNE of Volcano, Hawaii",earthquake,0.87,0.98,0.27,7,automatic,hv,hv
2018-04-12T06:07:12.370Z,37.6116667,-118.9615,4.47,1.16,md,23,116,0.005613,0.08,nc,nc72998596,2018-04-12T19:10:04.487Z,"3km SSE of Mammoth Lakes, CA",earthquake,0.3,0.27,0.201,19,reviewed,nc,nc
2018-04-12T06:06:15.570Z,57.4929,120.7969,9.73,4.7,mb,,58,6.388,0.56,us,us2000dyn3,2018-04-12T06:38:30.040Z,"166km ENE of Chara, Russia",earthquake,8.3,3.1,0.043,168,reviewed,us,us
2018-04-12T06:06:13.438Z,63.2689,-151.0817,13.5,0.4,ml,,,,0.57,ak,ak19232405,2018-04-12T16:19:49.264Z,"107km W of Cantwell, Alaska",earthquake,,2,,,reviewed,ak,ak
2018-04-12T06:03:31.130Z,32.7915,-115.461,9.37,1.54,ml,24,96,0.01825,0.24,ci,ci38147880,2018-04-12T17:57:11.893Z,"8km WSW of Holtville, CA",earthquake,0.43,0.63,0.114,14,reviewed,ci,ci
2018-04-12T06:02:49.090Z,19.3886662,-155.2861633,7.06,1.86,ml,33,65,0.004705,0.35,hv,hv70077786,2018-04-12T06:08:31.520Z,"6km SW of Volcano, Hawaii",earthquake,0.59,0.63,0.21,9,automatic,hv,hv
2018-04-12T05:58:36.690Z,19.4060001,-155.2886658,6.66,1.82,ml,36,34,0.009457,0.26,hv,hv70077781,2018-04-12T06:04:22.690Z,"6km WSW of Volcano, Hawaii",earthquake,0.44,0.53,0.25,5,automatic,hv,hv
2018-04-12T05:55:27.850Z,19.4068336,-155.2814941,7.42,1.86,md,38,27,0.01105,0.16,hv,hv70077776,2018-04-12T05:58:30.870Z,"5km WSW of Volcano, Hawaii",earthquake,0.37,0.39,0.2,20,automatic,hv,hv
2018-04-12T05:51:19.940Z,19.3803329,-155.2738342,7,2.03,ml,34,79,0.01311,0.27,hv,hv70077771,2018-04-12T05:57:03.540Z,"6km SW of Volcano, Hawaii",earthquake,0.48,0.43,0.3,12,automatic,hv,hv
2018-04-12T05:50:42.226Z,63.0442,-151.5169,10.2,1.5,ml,,,,0.93,ak,ak19232402,2018-04-12T06:08:02.505Z,"107km NW of Talkeetna, Alaska",earthquake,,0.4,,,automatic,ak,ak
2018-04-12T05:42:12.580Z,19.3705006,-155.2613373,4.63,2.07,ml,31,143,0.002269,0.38,hv,hv70077756,2018-04-12T05:47:53.980Z,"7km SSW of Volcano, Hawaii",earthquake,0.61,0.84,0.31,12,automatic,hv,hv
2018-04-12T05:39:37.800Z,38.7836685,-122.7460022,2.02,1.19,md,6,137,0.007264,0.02,nc,nc72998581,2018-04-12T08:23:02.634Z,"1km NE of The Geysers, CA",earthquake,2.89,1.22,,1,automatic,nc,nc
2018-04-12T05:38:45.970Z,19.4055004,-155.2726593,6.72,2.1,md,19,63,0.009553,0.15,hv,hv70077746,2018-04-12T05:41:49.400Z,"4km SW of Volcano, Hawaii",earthquake,0.79,1.3,0.13,12,automatic,hv,hv
2018-04-12T05:35:14.290Z,19.3976669,-155.2836609,6.91,1.86,ml,32,37,0.009729,0.25,hv,hv70077741,2018-04-12T05:40:58.860Z,"6km SW of Volcano, Hawaii",earthquake,0.56,0.55,0.23,8,automatic,hv,hv
2018-04-12T05:33:17.675Z,61.9443,-149.164,40.7,1.5,ml,,,,0.39,ak,ak19232399,2018-04-12T05:38:44.727Z,"22km N of Fishhook, Alaska",earthquake,,0.6,,,automatic,ak,ak
2018-04-12T05:32:14.030Z,19.4143333,-155.2741699,9.15,1.88,md,27,30,0.01086,0.25,hv,hv70077736,2018-04-12T05:35:34.220Z,"4km WSW of Volcano, Hawaii",earthquake,0.54,0.67,0.2,14,automatic,hv,hv
2018-04-12T05:29:21.470Z,19.4009991,-155.2763367,7.48,1.94,ml,35,43,0.006152,0.26,hv,hv70077726,2018-04-12T05:34:58.670Z,"5km SW of Volcano, Hawaii",earthquake,0.64,0.53,0.27,8,automatic,hv,hv
2018-04-12T05:23:46.875Z,60.0871,-152.0886,57,2.7,ml,,,,0.65,ak,ak19232390,2018-04-12T05:37:51.040Z,"37km NNW of Anchor Point, Alaska",earthquake,,0.6,,,automatic,ak,ak
2018-04-12T05:18:48.570Z,34.3445,-116.9313333,2.36,1.67,ml,51,67,0.08246,0.21,ci,ci38147856,2018-04-12T13:06:13.178Z,"11km N of Big Bear Lake, CA",earthquake,0.27,0.55,0.167,28,reviewed,ci,ci
2018-04-12T05:17:59.690Z,19.3924999,-155.290329,6.57,1.84,md,31,61,0.00426,0.28,hv,hv70077711,2018-04-12T05:21:24.200Z,"6km SW of Volcano, Hawaii",earthquake,0.53,0.61,0.35,16,automatic,hv,hv
2018-04-12T05:13:13.860Z,19.3951664,-155.2758331,6.47,1.94,md,25,44,0.01023,0.27,hv,hv70077701,2018-04-12T05:16:36.210Z,"5km SW of Volcano, Hawaii",earthquake,0.56,0.7,0.14,16,automatic,hv,hv
2018-04-12T05:11:43.600Z,37.6635,-118.8633333,0.02,0.68,md,8,172,0.03272,0.04,nc,nc72998556,2018-04-12T17:50:04.062Z,"11km ENE of Mammoth Lakes, CA",earthquake,0.73,0.4,0.152,7,reviewed,nc,nc
2018-04-12T05:09:48.180Z,33.901,-116.9025,14.14,0.79,ml,24,84,0.1103,0.1,ci,ci38147848,2018-04-12T17:50:37.968Z,"4km SW of Banning, CA",earthquake,0.23,0.65,0.223,16,reviewed,ci,ci
2018-04-12T05:08:20.490Z,19.373333,-155.2888336,3.79,2.23,ml,34,104,0.01475,0.39,hv,hv70077686,2018-04-12T05:14:05.050Z,"8km SW of Volcano, Hawaii",earthquake,0.67,0.93,0.23,19,automatic,hv,hv
2018-04-12T05:02:43.890Z,19.4098339,-155.2810059,8.53,2.01,md,28,44,0.008316,0.27,hv,hv70077681,2018-04-12T05:06:07.800Z,"5km WSW of Volcano, Hawaii",earthquake,0.55,0.68,0.28,10,automatic,hv,hv
2018-04-12T05:02:40.910Z,19.4104996,-155.263504,9.06,2.12,md,14,90,0.01696,0.19,hv,hv70077676,2018-04-12T05:05:48.810Z,"3km SW of Volcano, Hawaii",earthquake,0.79,0.62,0.2,7,automatic,hv,hv
2018-04-12T04:57:06.793Z,63.1578,-149.1762,3.4,2.1,ml,,,,0.54,ak,ak19232380,2018-04-12T05:06:34.746Z,"28km SSW of Cantwell, Alaska",earthquake,,0.3,,,automatic,ak,ak
2018-04-12T04:56:58.890Z,33.4756667,-116.8008333,11.7,0.41,ml,13,252,0.1041,0.22,ci,ci38147688,2018-04-12T17:47:03.043Z,"7km ENE of Aguanga, CA",earthquake,1.28,31.61,0.089,7,reviewed,ci,ci
2018-04-12T04:51:41.760Z,19.435833,-155.2713318,8.97,2.05,ml,36,94,0.009366,0.24,hv,hv70077656,2018-04-12T04:57:26.520Z,"3km W of Volcano, Hawaii",earthquake,0.52,0.54,0.26,11,automatic,hv,hv
2018-04-12T04:48:25.390Z,38.8223343,-122.7811661,0.68,0.78,md,6,96,0.00907,0.01,nc,nc72998551,2018-04-12T05:19:01.466Z,"5km W of Cobb, CA",earthquake,0.36,0.64,0.23,2,automatic,nc,nc
2018-04-12T04:46:52.680Z,44.7605,-111.1278333,10.42,1.6,ml,15,94,0.03877,0.11,uu,uu60277642,2018-04-12T17:32:44.810Z,"11km N of West Yellowstone, Montana",earthquake,0.57,0.71,0.225,2,reviewed,uu,uu
2018-04-12T04:43:15.690Z,19.4069996,-155.2910004,7.79,2.3,md,29,32,0.008508,0.31,hv,hv70077646,2018-04-12T04:46:31.740Z,"6km WSW of Volcano, Hawaii",earthquake,0.57,0.78,0.22,15,automatic,hv,hv
2018-04-12T04:36:58.509Z,59.2852,-153.6084,102.4,2.7,ml,,,,0.69,ak,ak19232367,2018-04-12T04:46:22.441Z,"90km SE of Old Iliamna, Alaska",earthquake,,0.4,,,automatic,ak,ak
2018-04-12T04:36:10.260Z,19.3945007,-155.2841644,9.52,2.09,md,27,54,0.009969,0.28,hv,hv70077636,2018-04-12T04:39:28.650Z,"6km SW of Volcano, Hawaii",earthquake,0.54,0.62,0.22,13,automatic,hv,hv
2018-04-12T04:23:09.110Z,19.4069996,-155.2640076,8.28,1.78,ml,35,34,0.006388,0.29,hv,hv70077621,2018-04-12T04:28:52.020Z,"3km SW of Volcano, Hawaii",earthquake,0.5,0.39,0.13,4,automatic,hv,hv
2018-04-12T04:20:45.090Z,18.1596,-67.6256,69,2.71,md,18,164,0.2683,0.25,pr,pr2018102002,2018-04-12T07:15:56.680Z,"43km WSW of Stella, Puerto Rico",earthquake,1.02,0.9,0.49,17,reviewed,pr,pr
2018-04-12T04:06:45.730Z,33.4828333,-116.4525,7.19,0.59,ml,20,134,0.09839,0.12,ci,ci38147680,2018-04-12T17:42:41.827Z,"22km ESE of Anza, CA",earthquake,0.24,0.74,0.089,14,reviewed,ci,ci
2018-04-12T04:05:52.930Z,38.8156662,-122.7958298,2.63,0.9,md,20,57,0.007698,0.04,nc,nc72998546,2018-04-12T04:22:03.161Z,"6km NW of The Geysers, CA",earthquake,0.28,0.57,0.18,5,automatic,nc,nc
2018-04-12T04:00:30.750Z,15.3269,-94.0168,43.18,4.5,mwr,,163,2.043,1.01,us,us2000dylc,2018-04-12T04:10:28.040Z,"79km SSW of Paredon, Mexico",earthquake,4.4,10.6,0.098,10,reviewed,us,us
2018-04-12T03:57:37.310Z,19.3988342,-155.2711639,9.15,2.4,md,32,34,0.004167,0.28,hv,hv70077576,2018-04-12T04:00:48.230Z,"4km SW of Volcano, Hawaii",earthquake,0.55,0.45,0.14,19,automatic,hv,hv
2018-04-12T03:52:25.700Z,19.3848324,-155.2644958,1.64,2.05,ml,22,52,0.01247,0.37,hv,hv70077566,2018-04-12T03:58:00.720Z,"5km SSW of Volcano, Hawaii",earthquake,0.56,0.46,0.29,9,automatic,hv,hv
2018-04-12T03:52:23.380Z,19.388834,-155.2859955,7,2.01,ml,29,64,0.004645,0.36,hv,hv70077571,2018-04-12T03:58:17.870Z,"6km SW of Volcano, Hawaii",earthquake,0.6,0.8,0.26,10,automatic,hv,hv
2018-04-12T03:50:06.372Z,62.704,-149.1895,0,1.8,ml,,,,0.62,ak,ak19232232,2018-04-12T03:54:00.470Z,"63km NE of Talkeetna, Alaska",earthquake,,0.2,,,automatic,ak,ak
2018-04-12T03:47:29.290Z,33.532,-116.722,2.62,0.23,ml,15,83,0.03568,0.12,ci,ci38147672,2018-04-12T17:34:52.070Z,"5km WSW of Anza, CA",earthquake,0.3,0.23,0.158,6,reviewed,ci,ci
2018-04-12T03:36:02.610Z,61.7512,-148.195,12.4,1.7,ml,,,,0.63,ak,ak19232215,2018-04-12T03:43:04.006Z,"34km E of Sutton-Alpine, Alaska",earthquake,,0.2,,,automatic,ak,ak
2018-04-12T03:30:04.120Z,-20.989,-178.9321,611.32,4.7,mb,,86,4.302,1.05,us,us2000dykx,2018-04-12T03:44:04.040Z,"44km SSW of Ndoi Island, Fiji",earthquake,14.1,9,0.044,159,reviewed,us,us
2018-04-12T03:27:56.030Z,37.5501667,-118.8281667,1.78,1.19,md,14,235,0.0398,0.07,nc,nc72998526,2018-04-12T18:43:02.356Z,"13km W of Toms Place, CA",earthquake,0.72,1.07,0.216,11,reviewed,nc,nc
2018-04-12T03:26:10.320Z,19.4018326,-155.2741699,9.75,1.9,md,24,45,0.00645,0.26,hv,hv70077531,2018-04-12T03:29:29.880Z,"4km SW of Volcano, Hawaii",earthquake,0.84,0.93,0.19,12,automatic,hv,hv
2018-04-12T03:23:38.330Z,38.8243332,-122.8105011,1.63,0.88,md,7,108,0.0009945,0.02,nc,nc72998521,2018-04-12T03:45:02.944Z,"7km NW of The Geysers, CA",earthquake,0.47,0.85,,1,automatic,nc,nc
2018-04-12T03:10:48.780Z,19.4061661,-155.2801666,7.82,2.14,md,33,30,0.01202,0.24,hv,hv70077506,2018-04-12T03:14:10.940Z,"5km WSW of Volcano, Hawaii",earthquake,0.46,0.48,0.22,20,automatic,hv,hv
2018-04-12T03:02:29.960Z,44.4191667,-110.4251667,8.52,1,md,8,87,0.1041,0.12,uu,uu60277637,2018-04-12T17:36:56.200Z,"32km E of Old Faithful Geyser, Wyoming",earthquake,0.47,1.01,0.294,3,reviewed,uu,uu
2018-04-12T03:00:52.010Z,19.4179993,-155.2723389,9.38,1.91,ml,30,39,0.00835,0.32,hv,hv70077476,2018-04-12T03:06:27.990Z,"3km WSW of Volcano, Hawaii",earthquake,0.7,0.57,0.24,7,automatic,hv,hv
2018-04-12T02:53:17.376Z,63.4409,-148.5498,7,1.1,ml,,,,0.42,ak,ak19232211,2018-04-12T03:00:23.891Z,"20km ENE of Cantwell, Alaska",earthquake,,0.3,,,automatic,ak,ak
2018-04-12T02:51:28.410Z,19.4063339,-155.2966614,4.66,1.85,ml,38,44,0.003169,0.24,hv,hv70077471,2018-04-12T02:57:11.020Z,"6km WSW of Volcano, Hawaii",earthquake,0.35,0.54,0.23,11,automatic,hv,hv
2018-04-12T02:46:20.250Z,44.4185,-110.4246667,7.57,1.68,ml,15,86,0.1036,0.18,uu,uu60277632,2018-04-12T14:57:22.630Z,"32km E of Old Faithful Geyser, Wyoming",earthquake,0.39,0.73,0.035,2,reviewed,uu,uu
2018-04-12T02:40:45.110Z,19.4106674,-155.2814941,6.09,1.96,ml,40,25,0.001462,0.23,hv,hv70077456,2018-04-12T02:46:29.960Z,"5km WSW of Volcano, Hawaii",earthquake,0.43,0.4,0.22,13,automatic,hv,hv
2018-04-12T02:39:19.800Z,44.4206667,-110.4221667,8.47,1.38,ml,10,88,0.1025,0.11,uu,uu60277622,2018-04-12T18:29:13.080Z,"32km E of Old Faithful Geyser, Wyoming",earthquake,0.38,0.94,0.042,2,reviewed,uu,uu
2018-04-12T02:37:17.700Z,44.4178333,-110.4263333,8.15,1.25,ml,9,102,0.1046,0.1,uu,uu60277612,2018-04-12T18:10:01.310Z,"32km E of Old Faithful Geyser, Wyoming",earthquake,0.33,0.96,0.073,2,reviewed,uu,uu
2018-04-12T02:36:25.600Z,44.4221667,-110.422,2.92,-0.05,md,5,150,0.1028,0.12,uu,uu60015539,2018-04-12T18:19:23.050Z,"32km E of Old Faithful Geyser, Wyoming",earthquake,0.48,31.61,0.11,3,reviewed,uu,uu
2018-04-12T02:36:12.520Z,44.4195,-110.4221667,7.43,1.03,md,14,95,0.1021,0.14,uu,uu60015534,2018-04-12T18:12:37.780Z,"32km E of Old Faithful Geyser, Wyoming",earthquake,0.34,0.71,0.258,6,reviewed,uu,uu
2018-04-12T02:35:59.440Z,44.419,-110.4218333,7.38,1.1,ml,13,86,0.1018,0.18,uu,uu60277607,2018-04-12T18:13:41.940Z,"32km E of Old Faithful Geyser, Wyoming",earthquake,0.4,0.87,0.068,2,reviewed,uu,uu
2018-04-12T02:14:17.150Z,19.4029999,-155.2806702,7.33,2.04,ml,31,46,0.008989,0.27,hv,hv70077426,2018-04-12T02:20:13.850Z,"5km SW of Volcano, Hawaii",earthquake,0.46,0.42,0.22,18,automatic,hv,hv
2018-04-12T02:14:15.230Z,19.3951664,-155.2741699,5.42,2.04,ml,29,42,0.0005363,0.23,hv,hv70077421,2018-04-12T02:20:02.800Z,"5km SW of Volcano, Hawaii",earthquake,0.48,0.67,0.31,18,automatic,hv,hv
2018-04-12T02:00:01.810Z,19.2568,-68.0363,61,2.77,md,16,221,0.8191,0.73,pr,pr2018102000,2018-04-12T02:50:28.144Z,"84km NNE of Punta Cana, Dominican Republic",earthquake,3.62,10.35,0.21,16,reviewed,pr,pr
2018-04-12T01:51:59.010Z,19.3911667,-155.2819977,3.68,2.08,ml,31,41,0.004618,0.22,hv,hv70077371,2018-04-12T01:57:41.550Z,"6km SW of Volcano, Hawaii",earthquake,0.33,0.49,0.32,6,automatic,hv,hv
2018-04-12T01:50:50.020Z,-10.3278,119.1748,35.35,4.4,mb,,96,3.457,1.01,us,us2000dyjv,2018-04-12T02:00:00.040Z,"66km SSW of Bogorawatu, Indonesia",earthquake,7,9.7,0.162,11,reviewed,us,us
2018-04-12T01:48:05.980Z,38.8023338,-122.8171692,2.6,1,md,15,83,0.01143,0.04,nc,nc72998501,2018-04-12T01:49:42.503Z,"6km WNW of The Geysers, CA",earthquake,0.33,0.66,,1,automatic,nc,nc
2018-04-12T01:47:54.650Z,38.8026657,-122.8170013,2.37,2.24,md,30,82,0.01135,0.04,nc,nc72998496,2018-04-12T05:57:03.679Z,"6km WNW of The Geysers, CA",earthquake,0.22,0.35,0.15,7,automatic,nc,nc
2018-04-12T01:41:53.310Z,37.68,-118.865,0.29,1.26,md,14,170,0.03477,0.1,nc,nc72998486,2018-04-12T18:17:03.218Z,"11km ENE of Mammoth Lakes, CA",earthquake,0.49,1.05,0.264,12,reviewed,nc,nc
2018-04-12T01:36:33.490Z,19.4130001,-155.2734985,12.49,1.73,ml,23,49,0.007072,0.26,hv,hv70077331,2018-04-12T01:42:17.970Z,"4km WSW of Volcano, Hawaii",earthquake,0.78,0.67,0.34,4,automatic,hv,hv
2018-04-12T01:36:24.340Z,38.578167,-123.1791687,10.53,1.57,md,8,213,0.374,0.08,nc,nc72998481,2018-04-12T02:42:02.619Z,"9km NE of Fort Ross, CA",earthquake,1.97,1.65,0.19,2,automatic,nc,nc
2018-04-12T01:35:43.518Z,59.7124,-153.0235,91.5,2,ml,,,,0.69,ak,ak19232204,2018-04-12T01:52:42.959Z,"67km W of Anchor Point, Alaska",earthquake,,0.7,,,automatic,ak,ak
2018-04-12T01:33:21.400Z,36.2825,-97.501,6.89,2.7,mb_lg,,27,0.216,0.37,us,us2000dyjk,2018-04-12T13:35:30.435Z,"19km W of Perry, Oklahoma",earthquake,1.2,6.5,0.07,53,reviewed,us,us
2018-04-12T01:14:12.943Z,62.1601,-150.4212,11.3,1.9,ml,,,,0.65,ak,ak19232196,2018-04-12T01:30:32.152Z,"24km SW of Talkeetna, Alaska",earthquake,,0.2,,,automatic,ak,ak
2018-04-12T01:09:15.100Z,33.4963333,-116.8016667,3.98,2.11,ml,90,22,0.08738,0.21,ci,ci38147632,2018-04-12T17:29:39.460Z,"8km NE of Aguanga, CA",earthquake,0.13,0.43,0.177,26,reviewed,ci,ci
2018-04-12T01:05:28.450Z,44.415,-110.4133333,9.6,1.92,ml,19,86,0.09486,0.17,uu,uu60277597,2018-04-12T14:50:39.280Z,"33km E of Old Faithful Geyser, Wyoming",earthquake,0.38,0.76,0.044,3,reviewed,uu,uu
2018-04-12T00:56:03.070Z,19.3956661,-155.2833405,6.08,1.75,ml,33,42,0.009159,0.19,hv,hv70077246,2018-04-12T01:01:48.870Z,"6km SW of Volcano, Hawaii",earthquake,0.39,0.45,0.22,6,automatic,hv,hv
2018-04-12T00:50:21.020Z,33.5073333,-116.7973333,4.94,0.23,ml,14,200,0.0766,0.1,ci,ci38147624,2018-04-12T16:57:03.148Z,"10km NE of Aguanga, CA",earthquake,0.34,0.96,0.151,4,reviewed,ci,ci
2018-04-12T00:48:19.780Z,44.75,-111.1003333,10.5,-0.04,md,9,84,0.04637,0.09,uu,uu60277592,2018-04-12T17:38:00.380Z,"9km N of West Yellowstone, Montana",earthquake,0.76,1.12,0.221,6,reviewed,uu,uu
2018-04-12T00:45:51.320Z,19.7123,-73.0992,10,4,mb,,57,1.404,1.05,us,us2000dyja,2018-04-12T08:06:25.995Z,"10km NNW of Anse Rouge, Haiti",earthquake,4.3,1.4,0.298,3,reviewed,us,us
2018-04-12T00:40:56.780Z,37.6806667,-118.8646667,0.78,0.85,md,12,171,0.03504,0.09,nc,nc72998461,2018-04-12T17:24:02.924Z,"11km ENE of Mammoth Lakes, CA",earthquake,0.43,2.22,0.344,10,reviewed,nc,nc
2018-04-12T00:34:23.320Z,19.1901667,-155.4038333,31.94,1.57,md,17,177,0.04747,0.11,hv,hv70077206,2018-04-12T00:51:16.740Z,"8km ESE of Pahala, Hawaii",earthquake,0.76,1.06,0.043,8,reviewed,hv,hv
2018-04-12T00:30:19.970Z,19.390667,-155.280838,7.3,1.87,ml,36,51,0.004196,0.24,hv,hv70077196,2018-04-12T00:36:03.240Z,"6km SW of Volcano, Hawaii",earthquake,0.46,0.46,1.8,17,automatic,hv,hv
2018-04-12T00:30:13.820Z,44.7326667,-111.126,8.13,0.39,md,10,81,0.05321,0.13,uu,uu60277587,2018-04-12T17:34:50.430Z,"8km NNW of West Yellowstone, Montana",earthquake,0.86,1.89,0.131,9,reviewed,uu,uu
2018-04-12T00:04:27.310Z,19.3901672,-155.2893372,3.42,1.99,ml,32,64,0.0044,0.31,hv,hv70077171,2018-04-12T00:10:12.120Z,"7km SW of Volcano, Hawaii",earthquake,0.45,0.62,0.23,11,automatic,hv,hv
2018-04-12T00:00:04.100Z,17.8423,-66.8258,3,2.16,md,3,257,0.2527,0.04,pr,pr2018102001,2018-04-12T05:31:17.553Z,"16km SSE of Guanica, Puerto Rico",earthquake,4.7,7.36,0.06,3,reviewed,pr,pr
2018-04-11T23:54:31.260Z,18.9336662,-155.4146729,19.53,2.01,md,30,244,0.1987,0.14,hv,hv70077161,2018-04-11T23:57:51.460Z,"30km SSE of Pahala, Hawaii",earthquake,1.51,2.6,0.14,7,automatic,hv,hv
2018-04-11T23:54:01.350Z,7.3264,126.5159,156.77,4.9,mb,,115,0.963,0.8,us,us2000dyij,2018-04-12T00:10:54.040Z,"1km S of San Pedro, Philippines",earthquake,10,6.1,0.064,77,reviewed,us,us
2018-04-11T23:50:00.407Z,63.9838,-148.6822,5.4,1.5,ml,,,,0.49,ak,ak19232159,2018-04-11T23:54:50.265Z,"19km NE of Healy, Alaska",earthquake,,0.5,,,automatic,ak,ak
2018-04-11T23:41:42.140Z,19.4839993,-155.3554993,17.06,2.34,ml,24,184,0.07924,0.26,hv,hv70077141,2018-04-11T23:47:25.830Z,"13km WNW of Volcano, Hawaii",earthquake,1.45,1.03,0.24,15,automatic,hv,hv
2018-04-11T23:36:18.722Z,65.0991,-148.7124,21,0.4,ml,,,,0.55,ak,ak19232154,2018-04-11T23:46:58.564Z,"43km NW of Ester, Alaska",earthquake,,0.3,,,reviewed,ak,ak
2018-04-11T23:25:46.710Z,14.2379,-92.7486,35,4.2,mb,,185,1.614,0.99,us,us2000dyhi,2018-04-11T23:44:27.040Z,"64km SSW of Puerto Madero, Mexico",earthquake,5.5,2,0.104,26,reviewed,us,us
2018-04-11T23:17:46.730Z,19.3943329,-155.2831726,7.32,2.05,ml,32,69,0.007881,0.3,hv,hv70077096,2018-04-11T23:23:31.440Z,"6km SW of Volcano, Hawaii",earthquake,0.63,0.48,0.28,22,automatic,hv,hv
2018-04-11T23:14:15.821Z,61.6905,-141.7897,13.4,1.6,ml,,,,0.2,ak,ak19232011,2018-04-11T23:21:59.592Z,"141km E of Chitina, Alaska",earthquake,,0.6,,,automatic,ak,ak
2018-04-11T23:12:31.680Z,18.6261,-65.3175,82,3.1,md,4,328,0.7188,0.58,pr,pr2018101019,2018-04-12T12:57:10.026Z,"35km N of Culebra, Puerto Rico",earthquake,9.67,8.91,0.14,3,reviewed,pr,pr
2018-04-11T23:12:08.390Z,37.6046667,-118.9768333,0.28,1.08,md,16,119,0.01839,0.05,nc,nc72998441,2018-04-12T00:30:02.929Z,"4km S of Mammoth Lakes, CA",earthquake,0.5,0.34,0.371,15,reviewed,nc,nc
2018-04-11T23:09:49.010Z,18.7121,-65.0973,78,3.16,md,4,334,0.9433,0.39,pr,pr2018101018,2018-04-12T05:30:30.194Z,"44km NNW of Charlotte Amalie, U.S. Virgin Islands",earthquake,7.28,9.13,0.1,4,reviewed,pr,pr
2018-04-11T23:06:33.913Z,65.0631,-147.1722,4.8,1.3,ml,,,,0.87,ak,ak19232010,2018-04-11T23:16:18.558Z,"33km NNE of Badger, Alaska",earthquake,,2.1,,,automatic,ak,ak
2018-04-11T23:03:51.640Z,33.4781667,-116.7901667,4.71,0.38,ml,10,158,0.09757,0.08,ci,ci38147600,2018-04-12T00:37:55.865Z,"8km ENE of Aguanga, CA",earthquake,0.31,0.28,0.105,7,reviewed,ci,ci
2018-04-11T22:48:55.220Z,60.6773,-150.15,43.1,1.9,ml,,,,0.33,ak,ak19232007,2018-04-11T22:52:38.285Z,"37km ENE of Sterling, Alaska",earthquake,,0.5,,,automatic,ak,ak
2018-04-11T22:48:51.370Z,19.3953342,-155.2706604,9.53,1.79,md,21,37,0.00524,0.21,hv,hv70077066,2018-04-11T22:52:05.910Z,"5km SW of Volcano, Hawaii",earthquake,0.55,0.78,0.19,16,automatic,hv,hv
2018-04-11T22:25:24.200Z,38.7686653,-122.7331696,1.79,1.02,md,8,177,0.01327,0.03,nc,nc72998426,2018-04-12T00:56:03.072Z,"2km ESE of The Geysers, CA",earthquake,0.47,0.75,0.26,4,automatic,nc,nc
2018-04-11T22:25:10.860Z,33.6443333,-116.755,12.62,0.63,ml,13,98,0.05108,0.08,ci,ci38147592,2018-04-11T22:42:59.789Z,"11km SSW of Idyllwild, CA",earthquake,0.24,0.44,0.092,10,reviewed,ci,ci
2018-04-11T22:03:38.670Z,39.0231667,-123.1679993,4.11,1.11,md,10,168,0.2665,0.09,nc,nc72998421,2018-04-12T00:29:01.922Z,"12km S of Talmage, CA",earthquake,3.51,9,,1,automatic,nc,nc
2018-04-11T21:54:05.252Z,63.3009,-149.7977,96.7,1.9,ml,,,,0.44,ak,ak19231999,2018-04-11T22:05:42.337Z,"43km WSW of Cantwell, Alaska",earthquake,,0.8,,,automatic,ak,ak
2018-04-11T21:42:33.339Z,61.6975,-141.7881,14.4,1.4,ml,,,,0.32,ak,ak19231992,2018-04-11T22:04:01.714Z,"142km E of Chitina, Alaska",earthquake,,0.6,,,automatic,ak,ak
2018-04-11T21:41:47.350Z,44.4195,-110.4221667,6.68,1.66,ml,12,87,0.1021,0.11,uu,uu60277562,2018-04-11T21:58:24.430Z,"32km E of Old Faithful Geyser, Wyoming",earthquake,0.36,1.02,0.118,3,reviewed,uu,uu
2018-04-11T21:39:02.796Z,63.5602,-150.8068,9.7,2.1,ml,,,,0.8,ak,ak19231988,2018-04-11T22:04:01.423Z,"94km WNW of Cantwell, Alaska",earthquake,,0.2,,,automatic,ak,ak
2018-04-11T21:27:16.220Z,44.4173333,-110.4255,2.89,0.15,md,5,155,0.1039,0.11,uu,uu60015524,2018-04-12T18:01:10.200Z,"32km E of Old Faithful Geyser, Wyoming",earthquake,0.45,7.83,0.415,3,reviewed,uu,uu
2018-04-11T21:26:59.050Z,44.4118333,-110.4221667,5.44,0.39,md,9,99,0.1003,0.13,uu,uu60015519,2018-04-12T17:49:19.850Z,"32km E of Old Faithful Geyser, Wyoming",earthquake,0.33,1.79,0.254,2,reviewed,uu,uu
2018-04-11T21:26:19.280Z,44.4143333,-110.4218333,5.68,0.47,md,8,98,0.1006,0.09,uu,uu60277557,2018-04-12T17:27:01.080Z,"32km E of Old Faithful Geyser, Wyoming",earthquake,0.31,1.98,0.196,2,reviewed,uu,uu
2018-04-11T21:25:55.260Z,44.4135,-110.4281667,3.27,0.13,md,5,160,0.1049,0.08,uu,uu60015529,2018-04-12T18:05:19.090Z,"32km E of Old Faithful Geyser, Wyoming",earthquake,0.44,31.61,0.431,3,reviewed,uu,uu
2018-04-11T21:22:28.190Z,44.4175,-110.4205,6.84,1.77,ml,14,86,0.1005,0.1,uu,uu60277552,2018-04-11T22:40:24.070Z,"32km E of Old Faithful Geyser, Wyoming",earthquake,0.29,0.73,0.091,3,reviewed,uu,uu
2018-04-11T21:18:13.760Z,19.3823338,-155.287674,6.57,2.09,md,17,78,0.009685,0.15,hv,hv70076946,2018-04-11T21:21:20.860Z,"7km SW of Volcano, Hawaii",earthquake,0.4,0.77,0.33,7,automatic,hv,hv
2018-04-11T21:17:03.370Z,44.4246667,-110.4231667,3.03,1.57,ml,11,98,0.1043,0.09,uu,uu60277547,2018-04-11T22:33:02.840Z,"32km E of Old Faithful Geyser, Wyoming",earthquake,0.32,1.13,0.123,2,reviewed,uu,uu
2018-04-11T21:14:45.550Z,49.1598333,-120.6345,-0.39,2.23,ml,18,140,0.5629,1.63,uw,uw61362137,2018-04-12T01:14:12.130Z,"34km SSW of Princeton, Canada",explosion,4.84,8.85,0.137,10,reviewed,uw,uw
2018-04-11T21:13:56.870Z,44.4176667,-110.4158333,7.26,2.1,ml,18,95,0.09727,0.17,uu,uu60277537,2018-04-11T21:35:27.690Z,"33km E of Old Faithful Geyser, Wyoming",earthquake,0.33,0.76,0.099,3,reviewed,uu,uu
2018-04-11T21:12:13.710Z,44.4166667,-110.4185,7.2,1.59,ml,17,86,0.09886,0.14,uu,uu60277522,2018-04-12T16:23:43.770Z,"33km E of Old Faithful Geyser, Wyoming",earthquake,0.32,0.71,0.035,2,reviewed,uu,uu
2018-04-11T21:10:56.910Z,-10.1737,119.3274,35,4.5,mb,,83,3.252,0.8,us,us2000dydn,2018-04-11T21:30:02.040Z,"46km S of Bogorawatu, Indonesia",earthquake,8,2,0.096,32,reviewed,us,us
2018-04-11T21:06:00.080Z,44.4165,-110.4145,8.47,1.75,ml,17,86,0.09604,0.18,uu,uu60277517,2018-04-12T16:17:31.880Z,"33km E of Old Faithful Geyser, Wyoming",earthquake,0.4,0.95,0.11,3,reviewed,uu,uu
2018-04-11T21:04:20.420Z,44.4225,-110.415,7.37,1.76,ml,16,82,0.09809,0.18,uu,uu60277512,2018-04-12T15:04:04.620Z,"33km E of Old Faithful Geyser, Wyoming",earthquake,0.43,0.92,0.107,3,reviewed,uu,uu
2018-04-11T21:02:06.950Z,44.4158333,-110.4166667,7.59,1.79,ml,18,86,0.09738,0.18,uu,uu60277502,2018-04-12T15:58:29.060Z,"33km E of Old Faithful Geyser, Wyoming",earthquake,0.39,0.74,0.118,3,reviewed,uu,uu
2018-04-11T20:59:53.640Z,19.4921665,-155.4408264,1.24,2.06,ml,25,81,0.04026,0.16,hv,hv70076931,2018-04-11T21:05:30.010Z,"22km WNW of Volcano, Hawaii",earthquake,0.44,1.46,4.45,4,automatic,hv,hv
2018-04-11T20:57:44.870Z,-10.3391,119.0474,10,4.6,mb,,97,3.573,1,us,us2000dyd0,2018-04-11T22:30:08.040Z,"71km S of Kahale, Indonesia",earthquake,3.3,1.9,0.081,45,reviewed,us,us
2018-04-11T20:51:37.780Z,34.0261667,-118.185,13.31,1.51,ml,24,69,0.01959,0.17,ci,ci38147552,2018-04-11T22:37:28.014Z,"2km WSW of East Los Angeles, CA",earthquake,0.29,0.47,0.13,13,reviewed,ci,ci
2018-04-11T20:41:35.440Z,19.3786659,-155.2839966,6.79,2.02,ml,29,86,0.008116,0.24,hv,hv70076911,2018-04-11T20:47:18.000Z,"7km SW of Volcano, Hawaii",earthquake,0.5,0.67,0.22,8,automatic,hv,hv
2018-04-11T20:38:15.780Z,44.4155,-110.4255,5.03,0.88,md,7,108,0.1035,0.1,uu,uu60277482,2018-04-11T22:41:28.230Z,"32km E of Old Faithful Geyser, Wyoming",earthquake,0.29,31.61,0.322,4,reviewed,uu,uu
2018-04-11T20:36:31.030Z,35.7103348,-121.0238342,7.05,0.96,md,7,140,0.1161,0.02,nc,nc72998396,2018-04-11T21:14:02.267Z,"13km W of Lake Nacimiento, CA",earthquake,0.43,1.13,0.21,6,automatic,nc,nc
2018-04-11T20:34:49.820Z,33.8383333,-118.2166667,11.66,1.78,ml,23,122,0.05014,0.27,ci,ci38147536,2018-04-11T22:22:36.914Z,"6km NW of Signal Hill, CA",earthquake,0.63,0.55,0.235,20,reviewed,ci,ci
2018-04-11T20:33:37.430Z,44.4175,-110.4246667,4.16,1.64,ml,13,102,0.1033,0.12,uu,uu60277472,2018-04-11T20:56:48.590Z,"32km E of Old Faithful Geyser, Wyoming",earthquake,0.31,0.72,0.063,3,reviewed,uu,uu
2018-04-11T20:32:17.540Z,46.8798333,-112.5353333,9.71,0.25,md,9,106,0.191,0.1,mb,mb80289259,2018-04-11T23:07:18.460Z,"13km SE of Lincoln, Montana",earthquake,0.37,1.44,0.317,2,reviewed,mb,mb
2018-04-11T20:21:31.930Z,38.8128319,-122.8213348,2.21,0.88,md,15,99,0.007295,0.04,nc,nc72998386,2018-04-11T20:40:02.651Z,"7km NW of The Geysers, CA",earthquake,0.4,0.32,0.12,5,automatic,nc,nc
2018-04-11T20:20:08.721Z,63.3101,-149.8431,95.5,1.8,ml,,,,0.55,ak,ak19231980,2018-04-11T20:24:58.487Z,"45km W of Cantwell, Alaska",earthquake,,0.8,,,automatic,ak,ak
2018-04-11T20:12:04.220Z,19.383667,-155.2821655,8.36,1.89,md,22,72,0.01282,0.25,hv,hv70076881,2018-04-11T20:15:01.670Z,"6km SW of Volcano, Hawaii",earthquake,0.59,0.82,0.27,10,automatic,hv,hv
2018-04-11T19:58:51.610Z,38.8235016,-122.8128357,2.8,0.56,md,7,142,0.00216,0.02,nc,nc72998376,2018-04-11T20:15:03.861Z,"7km NW of The Geysers, CA",earthquake,0.59,1.39,,1,automatic,nc,nc
